0.0001,1e-10,9.0126e+11,6.0661e+10
0.00010991,1.0991e-10,8.5155e+11,5.6244e+10
0.00011982,1.1982e-10,8.1061e+11,5.2557e+10
0.00012973,1.2973e-10,7.7643e+11,4.9433e+10
0.00013964,1.3964e-10,7.4757e+11,4.6753e+10
0.00014955,1.4955e-10,7.2297e+11,4.4428e+10
0.00015946,1.5946e-10,7.0184e+11,4.2392e+10
0.00016937,1.6937e-10,6.8357e+11,4.0594e+10
0.00017928,1.7928e-10,6.6768e+11,3.8995e+10
0.00018919,1.8919e-10,6.5381e+11,3.7563e+10
0.0001991,1.991e-10,6.4164e+11,3.6274e+10
0.00020901,2.0901e-10,6.3094e+11,3.5108e+10
0.00021892,2.1892e-10,6.2151e+11,3.4046e+10
0.00022883,2.2883e-10,6.1318e+11,3.3077e+10
0.00023874,2.3874e-10,6.0582e+11,3.2188e+10
0.00024865,2.4865e-10,5.9931e+11,3.137e+10
0.00025856,2.5856e-10,5.9355e+11,3.0615e+10
0.00026847,2.6847e-10,5.8846e+11,2.9916e+10
0.00027838,2.7838e-10,5.8397e+11,2.9266e+10
0.00028829,2.8829e-10,5.8001e+11,2.8661e+10
0.0002982,2.982e-10,5.7653e+11,2.8096e+10
0.00030811,3.0811e-10,5.735e+11,2.7568e+10
0.00031802,3.1802e-10,5.7085e+11,2.7072e+10
0.00032793,3.2793e-10,5.6857e+11,2.6607e+10
0.00033784,3.3784e-10,5.6661e+11,2.6168e+10
0.00034775,3.4775e-10,5.6496e+11,2.5755e+10
0.00035766,3.5766e-10,5.6357e+11,2.5365e+10
0.00036757,3.6757e-10,5.6244e+11,2.4995e+10
0.00037748,3.7748e-10,5.6155e+11,2.4645e+10
0.00038739,3.8739e-10,5.6087e+11,2.4313e+10
0.0003973,3.973e-10,5.6038e+11,2.3998e+10
0.00040721,4.0721e-10,5.6009e+11,2.3698e+10
0.00041712,4.1712e-10,5.5996e+11,2.3412e+10
0.00042703,4.2703e-10,5.5999e+11,2.3139e+10
0.00043694,4.3694e-10,5.6017e+11,2.2879e+10
0.00044685,4.4685e-10,5.6049e+11,2.263e+10
0.00045676,4.5676e-10,5.6094e+11,2.2393e+10
0.00046667,4.6667e-10,5.6151e+11,2.2165e+10
0.00047658,4.7658e-10,5.6219e+11,2.1946e+10
0.00048649,4.8649e-10,5.6298e+11,2.1737e+10
0.0004964,4.964e-10,5.6387e+11,2.1536e+10
0.00050631,5.0631e-10,5.6486e+11,2.1343e+10
0.00051622,5.1622e-10,5.6593e+11,2.1157e+10
0.00052613,5.2613e-10,5.6709e+11,2.0978e+10
0.00053604,5.3604e-10,5.6832e+11,2.0806e+10
0.00054595,5.4595e-10,5.6964e+11,2.064e+10
0.00055586,5.5586e-10,5.7102e+11,2.048e+10
0.00056577,5.6577e-10,5.7247e+11,2.0326e+10
0.00057568,5.7568e-10,5.7398e+11,2.0177e+10
0.00058559,5.8559e-10,5.7556e+11,2.0033e+10
0.0005955,5.955e-10,5.7719e+11,1.9893e+10
0.00060541,6.0541e-10,5.7888e+11,1.9759e+10
0.00061532,6.1532e-10,5.8062e+11,1.9628e+10
0.00062523,6.2523e-10,5.824e+11,1.9502e+10
0.00063514,6.3514e-10,5.8424e+11,1.938e+10
0.00064505,6.4505e-10,5.8612e+11,1.9261e+10
0.00065495,6.5495e-10,5.8804e+11,1.9146e+10
0.00066486,6.6486e-10,5.9001e+11,1.9035e+10
0.00067477,6.7477e-10,5.9201e+11,1.8927e+10
0.00068468,6.8468e-10,5.9406e+11,1.8822e+10
0.00069459,6.9459e-10,5.9613e+11,1.872e+10
0.0007045,7.045e-10,5.9825e+11,1.862e+10
0.00071441,7.1441e-10,6.0039e+11,1.8524e+10
0.00072432,7.2432e-10,6.0257e+11,1.843e+10
0.00073423,7.3423e-10,6.0478e+11,1.8339e+10
0.00074414,7.4414e-10,6.0701e+11,1.825e+10
0.00075405,7.5405e-10,6.0928e+11,1.8163e+10
0.00076396,7.6396e-10,6.1157e+11,1.8079e+10
0.00077387,7.7387e-10,6.1389e+11,1.7997e+10
0.00078378,7.8378e-10,6.1623e+11,1.7917e+10
0.00079369,7.9369e-10,6.186e+11,1.7839e+10
0.0008036,8.036e-10,6.2098e+11,1.7763e+10
0.00081351,8.1351e-10,6.234e+11,1.7688e+10
0.00082342,8.2342e-10,6.2583e+11,1.7616e+10
0.00083333,8.3333e-10,6.2828e+11,1.7545e+10
0.00084324,8.4324e-10,6.3076e+11,1.7476e+10
0.00085315,8.5315e-10,6.3325e+11,1.7409e+10
0.00086306,8.6306e-10,6.3576e+11,1.7343e+10
0.00087297,8.7297e-10,6.3829e+11,1.7278e+10
0.00088288,8.8288e-10,6.4084e+11,1.7215e+10
0.00089279,8.9279e-10,6.434e+11,1.7154e+10
0.0009027,9.027e-10,6.4598e+11,1.7093e+10
0.00091261,9.1261e-10,6.4858e+11,1.7034e+10
0.00092252,9.2252e-10,6.5119e+11,1.6977e+10
0.00093243,9.3243e-10,6.5382e+11,1.692e+10
0.00094234,9.4234e-10,6.5646e+11,1.6865e+10
0.00095225,9.5225e-10,6.5911e+11,1.6811e+10
0.00096216,9.6216e-10,6.6178e+11,1.6758e+10
0.00097207,9.7207e-10,6.6446e+11,1.6706e+10
0.00098198,9.8198e-10,6.6715e+11,1.6655e+10
0.00099189,9.9189e-10,6.6985e+11,1.6605e+10
0.0010018,1.0018e-09,6.7257e+11,1.6556e+10
0.0010117,1.0117e-09,6.753e+11,1.6509e+10
0.0010216,1.0216e-09,6.7804e+11,1.6462e+10
0.0010315,1.0315e-09,6.8079e+11,1.6415e+10
0.0010414,1.0414e-09,6.8355e+11,1.637e+10
0.0010514,1.0514e-09,6.8632e+11,1.6326e+10
0.0010613,1.0613e-09,6.891e+11,1.6282e+10
0.0010712,1.0712e-09,6.9189e+11,1.624e+10
0.0010811,1.0811e-09,6.9469e+11,1.6198e+10
0.001091,1.091e-09,6.975e+11,1.6157e+10
0.0011009,1.1009e-09,7.0032e+11,1.6116e+10
0.0011108,1.1108e-09,7.0314e+11,1.6076e+10
0.0011207,1.1207e-09,7.0598e+11,1.6037e+10
0.0011306,1.1306e-09,7.0882e+11,1.5999e+10
0.0011405,1.1405e-09,7.1167e+11,1.5961e+10
0.0011505,1.1505e-09,7.1453e+11,1.5924e+10
0.0011604,1.1604e-09,7.174e+11,1.5888e+10
0.0011703,1.1703e-09,7.2027e+11,1.5852e+10
0.0011802,1.1802e-09,7.2315e+11,1.5817e+10
0.0011901,1.1901e-09,7.2604e+11,1.5783e+10
0.0012,1.2e-09,7.2894e+11,1.5749e+10
0.0012099,1.2099e-09,7.3184e+11,1.5715e+10
0.0012198,1.2198e-09,7.3475e+11,1.5682e+10
0.0012297,1.2297e-09,7.3766e+11,1.565e+10
0.0012396,1.2396e-09,7.4058e+11,1.5618e+10
0.0012495,1.2495e-09,7.4351e+11,1.5587e+10
0.0012595,1.2595e-09,7.4644e+11,1.5556e+10
0.0012694,1.2694e-09,7.4938e+11,1.5526e+10
0.0012793,1.2793e-09,7.5232e+11,1.5496e+10
0.0012892,1.2892e-09,7.5527e+11,1.5466e+10
0.0012991,1.2991e-09,7.5823e+11,1.5437e+10
0.001309,1.309e-09,7.6119e+11,1.5409e+10
0.0013189,1.3189e-09,7.6416e+11,1.5381e+10
0.0013288,1.3288e-09,7.6713e+11,1.5353e+10
0.0013387,1.3387e-09,7.701e+11,1.5326e+10
0.0013486,1.3486e-09,7.7308e+11,1.5299e+10
0.0013586,1.3586e-09,7.7607e+11,1.5272e+10
0.0013685,1.3685e-09,7.7906e+11,1.5246e+10
0.0013784,1.3784e-09,7.8205e+11,1.522e+10
0.0013883,1.3883e-09,7.8505e+11,1.5195e+10
0.0013982,1.3982e-09,7.8805e+11,1.517e+10
0.0014081,1.4081e-09,7.9106e+11,1.5145e+10
0.001418,1.418e-09,7.9407e+11,1.5121e+10
0.0014279,1.4279e-09,7.9709e+11,1.5097e+10
0.0014378,1.4378e-09,8.001e+11,1.5073e+10
0.0014477,1.4477e-09,8.0313e+11,1.505e+10
0.0014577,1.4577e-09,8.0615e+11,1.5027e+10
0.0014676,1.4676e-09,8.0919e+11,1.5004e+10
0.0014775,1.4775e-09,8.1222e+11,1.4982e+10
0.0014874,1.4874e-09,8.1526e+11,1.496e+10
0.0014973,1.4973e-09,8.183e+11,1.4938e+10
0.0015072,1.5072e-09,8.2134e+11,1.4916e+10
0.0015171,1.5171e-09,8.2439e+11,1.4895e+10
0.001527,1.527e-09,8.2744e+11,1.4874e+10
0.0015369,1.5369e-09,8.305e+11,1.4854e+10
0.0015468,1.5468e-09,8.3356e+11,1.4833e+10
0.0015568,1.5568e-09,8.3662e+11,1.4813e+10
0.0015667,1.5667e-09,8.3968e+11,1.4793e+10
0.0015766,1.5766e-09,8.4275e+11,1.4773e+10
0.0015865,1.5865e-09,8.4582e+11,1.4754e+10
0.0015964,1.5964e-09,8.4889e+11,1.4735e+10
0.0016063,1.6063e-09,8.5197e+11,1.4716e+10
0.0016162,1.6162e-09,8.5505e+11,1.4697e+10
0.0016261,1.6261e-09,8.5813e+11,1.4679e+10
0.001636,1.636e-09,8.6121e+11,1.466e+10
0.0016459,1.6459e-09,8.643e+11,1.4642e+10
0.0016559,1.6559e-09,8.6739e+11,1.4625e+10
0.0016658,1.6658e-09,8.7048e+11,1.4607e+10
0.0016757,1.6757e-09,8.7357e+11,1.459e+10
0.0016856,1.6856e-09,8.7667e+11,1.4572e+10
0.0016955,1.6955e-09,8.7977e+11,1.4555e+10
0.0017054,1.7054e-09,8.8287e+11,1.4539e+10
0.0017153,1.7153e-09,8.8597e+11,1.4522e+10
0.0017252,1.7252e-09,8.8908e+11,1.4506e+10
0.0017351,1.7351e-09,8.9219e+11,1.4489e+10
0.001745,1.745e-09,8.953e+11,1.4473e+10
0.001755,1.755e-09,8.9841e+11,1.4458e+10
0.0017649,1.7649e-09,9.0153e+11,1.4442e+10
0.0017748,1.7748e-09,9.0464e+11,1.4426e+10
0.0017847,1.7847e-09,9.0776e+11,1.4411e+10
0.0017946,1.7946e-09,9.1088e+11,1.4396e+10
0.0018045,1.8045e-09,9.1401e+11,1.4381e+10
0.0018144,1.8144e-09,9.1713e+11,1.4366e+10
0.0018243,1.8243e-09,9.2026e+11,1.4351e+10
0.0018342,1.8342e-09,9.2339e+11,1.4337e+10
0.0018441,1.8441e-09,9.2652e+11,1.4322e+10
0.0018541,1.8541e-09,9.2965e+11,1.4308e+10
0.001864,1.864e-09,9.3279e+11,1.4294e+10
0.0018739,1.8739e-09,9.3592e+11,1.428e+10
0.0018838,1.8838e-09,9.3906e+11,1.4267e+10
0.0018937,1.8937e-09,9.422e+11,1.4253e+10
0.0019036,1.9036e-09,9.4534e+11,1.424e+10
0.0019135,1.9135e-09,9.4848e+11,1.4226e+10
0.0019234,1.9234e-09,9.5163e+11,1.4213e+10
0.0019333,1.9333e-09,9.5478e+11,1.42e+10
0.0019432,1.9432e-09,9.5792e+11,1.4187e+10
0.0019532,1.9532e-09,9.6107e+11,1.4174e+10
0.0019631,1.9631e-09,9.6422e+11,1.4162e+10
0.001973,1.973e-09,9.6738e+11,1.4149e+10
0.0019829,1.9829e-09,9.7053e+11,1.4137e+10
0.0019928,1.9928e-09,9.7369e+11,1.4124e+10
0.0020027,2.0027e-09,9.7684e+11,1.4112e+10
0.0020126,2.0126e-09,9.8e+11,1.41e+10
0.0020225,2.0225e-09,9.8316e+11,1.4088e+10
0.0020324,2.0324e-09,9.8632e+11,1.4076e+10
0.0020423,2.0423e-09,9.8949e+11,1.4065e+10
0.0020523,2.0523e-09,9.9265e+11,1.4053e+10
0.0020622,2.0622e-09,9.9582e+11,1.4042e+10
0.0020721,2.0721e-09,9.9898e+11,1.403e+10
0.002082,2.082e-09,1.0021e+12,1.4019e+10
0.0020919,2.0919e-09,1.0053e+12,1.4008e+10
0.0021018,2.1018e-09,1.0085e+12,1.3997e+10
0.0021117,2.1117e-09,1.0117e+12,1.3986e+10
0.0021216,2.1216e-09,1.0148e+12,1.3975e+10
0.0021315,2.1315e-09,1.018e+12,1.3964e+10
0.0021414,2.1414e-09,1.0212e+12,1.3954e+10
0.0021514,2.1514e-09,1.0244e+12,1.3943e+10
0.0021613,2.1613e-09,1.0275e+12,1.3933e+10
0.0021712,2.1712e-09,1.0307e+12,1.3922e+10
0.0021811,2.1811e-09,1.0339e+12,1.3912e+10
0.002191,2.191e-09,1.0371e+12,1.3902e+10
0.0022009,2.2009e-09,1.0403e+12,1.3892e+10
0.0022108,2.2108e-09,1.0434e+12,1.3882e+10
0.0022207,2.2207e-09,1.0466e+12,1.3872e+10
0.0022306,2.2306e-09,1.0498e+12,1.3862e+10
0.0022405,2.2405e-09,1.053e+12,1.3852e+10
0.0022505,2.2505e-09,1.0562e+12,1.3843e+10
0.0022604,2.2604e-09,1.0594e+12,1.3833e+10
0.0022703,2.2703e-09,1.0626e+12,1.3824e+10
0.0022802,2.2802e-09,1.0658e+12,1.3814e+10
0.0022901,2.2901e-09,1.0689e+12,1.3805e+10
0.0023,2.3e-09,1.0721e+12,1.3796e+10
0.0023099,2.3099e-09,1.0753e+12,1.3787e+10
0.0023198,2.3198e-09,1.0785e+12,1.3778e+10
0.0023297,2.3297e-09,1.0817e+12,1.3769e+10
0.0023396,2.3396e-09,1.0849e+12,1.376e+10
0.0023495,2.3495e-09,1.0881e+12,1.3751e+10
0.0023595,2.3595e-09,1.0913e+12,1.3742e+10
0.0023694,2.3694e-09,1.0945e+12,1.3734e+10
0.0023793,2.3793e-09,1.0977e+12,1.3725e+10
0.0023892,2.3892e-09,1.1009e+12,1.3716e+10
0.0023991,2.3991e-09,1.1041e+12,1.3708e+10
0.002409,2.409e-09,1.1073e+12,1.37e+10
0.0024189,2.4189e-09,1.1105e+12,1.3691e+10
0.0024288,2.4288e-09,1.1137e+12,1.3683e+10
0.0024387,2.4387e-09,1.1169e+12,1.3675e+10
0.0024486,2.4486e-09,1.1201e+12,1.3667e+10
0.0024586,2.4586e-09,1.1233e+12,1.3659e+10
0.0024685,2.4685e-09,1.1265e+12,1.3651e+10
0.0024784,2.4784e-09,1.1298e+12,1.3643e+10
0.0024883,2.4883e-09,1.133e+12,1.3635e+10
0.0024982,2.4982e-09,1.1362e+12,1.3627e+10
0.0025081,2.5081e-09,1.1394e+12,1.3619e+10
0.002518,2.518e-09,1.1426e+12,1.3611e+10
0.0025279,2.5279e-09,1.1458e+12,1.3604e+10
0.0025378,2.5378e-09,1.149e+12,1.3596e+10
0.0025477,2.5477e-09,1.1522e+12,1.3589e+10
0.0025577,2.5577e-09,1.1554e+12,1.3581e+10
0.0025676,2.5676e-09,1.1587e+12,1.3574e+10
0.0025775,2.5775e-09,1.1619e+12,1.3567e+10
0.0025874,2.5874e-09,1.1651e+12,1.3559e+10
0.0025973,2.5973e-09,1.1683e+12,1.3552e+10
0.0026072,2.6072e-09,1.1715e+12,1.3545e+10
0.0026171,2.6171e-09,1.1747e+12,1.3538e+10
0.002627,2.627e-09,1.178e+12,1.3531e+10
0.0026369,2.6369e-09,1.1812e+12,1.3524e+10
0.0026468,2.6468e-09,1.1844e+12,1.3517e+10
0.0026568,2.6568e-09,1.1876e+12,1.351e+10
0.0026667,2.6667e-09,1.1908e+12,1.3503e+10
0.0026766,2.6766e-09,1.1941e+12,1.3496e+10
0.0026865,2.6865e-09,1.1973e+12,1.3489e+10
0.0026964,2.6964e-09,1.2005e+12,1.3483e+10
0.0027063,2.7063e-09,1.2037e+12,1.3476e+10
0.0027162,2.7162e-09,1.2069e+12,1.3469e+10
0.0027261,2.7261e-09,1.2102e+12,1.3463e+10
0.002736,2.736e-09,1.2134e+12,1.3456e+10
0.0027459,2.7459e-09,1.2166e+12,1.345e+10
0.0027559,2.7559e-09,1.2198e+12,1.3444e+10
0.0027658,2.7658e-09,1.2231e+12,1.3437e+10
0.0027757,2.7757e-09,1.2263e+12,1.3431e+10
0.0027856,2.7856e-09,1.2295e+12,1.3425e+10
0.0027955,2.7955e-09,1.2328e+12,1.3418e+10
0.0028054,2.8054e-09,1.236e+12,1.3412e+10
0.0028153,2.8153e-09,1.2392e+12,1.3406e+10
0.0028252,2.8252e-09,1.2424e+12,1.34e+10
0.0028351,2.8351e-09,1.2457e+12,1.3394e+10
0.002845,2.845e-09,1.2489e+12,1.3388e+10
0.002855,2.855e-09,1.2521e+12,1.3382e+10
0.0028649,2.8649e-09,1.2554e+12,1.3376e+10
0.0028748,2.8748e-09,1.2586e+12,1.337e+10
0.0028847,2.8847e-09,1.2618e+12,1.3364e+10
0.0028946,2.8946e-09,1.2651e+12,1.3358e+10
0.0029045,2.9045e-09,1.2683e+12,1.3353e+10
0.0029144,2.9144e-09,1.2715e+12,1.3347e+10
0.0029243,2.9243e-09,1.2748e+12,1.3341e+10
0.0029342,2.9342e-09,1.278e+12,1.3335e+10
0.0029441,2.9441e-09,1.2812e+12,1.333e+10
0.0029541,2.9541e-09,1.2845e+12,1.3324e+10
0.002964,2.964e-09,1.2877e+12,1.3319e+10
0.0029739,2.9739e-09,1.291e+12,1.3313e+10
0.0029838,2.9838e-09,1.2942e+12,1.3308e+10
0.0029937,2.9937e-09,1.2974e+12,1.3302e+10
0.0030036,3.0036e-09,1.3007e+12,1.3297e+10
0.0030135,3.0135e-09,1.3039e+12,1.3292e+10
0.0030234,3.0234e-09,1.3071e+12,1.3286e+10
0.0030333,3.0333e-09,1.3104e+12,1.3281e+10
0.0030432,3.0432e-09,1.3136e+12,1.3276e+10
0.0030532,3.0532e-09,1.3169e+12,1.327e+10
0.0030631,3.0631e-09,1.3201e+12,1.3265e+10
0.003073,3.073e-09,1.3233e+12,1.326e+10
0.0030829,3.0829e-09,1.3266e+12,1.3255e+10
0.0030928,3.0928e-09,1.3298e+12,1.325e+10
0.0031027,3.1027e-09,1.3331e+12,1.3245e+10
0.0031126,3.1126e-09,1.3363e+12,1.324e+10
0.0031225,3.1225e-09,1.3396e+12,1.3235e+10
0.0031324,3.1324e-09,1.3428e+12,1.323e+10
0.0031423,3.1423e-09,1.346e+12,1.3225e+10
0.0031523,3.1523e-09,1.3493e+12,1.322e+10
0.0031622,3.1622e-09,1.3525e+12,1.3215e+10
0.0031721,3.1721e-09,1.3558e+12,1.321e+10
0.003182,3.182e-09,1.359e+12,1.3205e+10
0.0031919,3.1919e-09,1.3623e+12,1.3201e+10
0.0032018,3.2018e-09,1.3655e+12,1.3196e+10
0.0032117,3.2117e-09,1.3688e+12,1.3191e+10
0.0032216,3.2216e-09,1.372e+12,1.3187e+10
0.0032315,3.2315e-09,1.3753e+12,1.3182e+10
0.0032414,3.2414e-09,1.3785e+12,1.3177e+10
0.0032514,3.2514e-09,1.3817e+12,1.3173e+10
0.0032613,3.2613e-09,1.385e+12,1.3168e+10
0.0032712,3.2712e-09,1.3882e+12,1.3163e+10
0.0032811,3.2811e-09,1.3915e+12,1.3159e+10
0.003291,3.291e-09,1.3947e+12,1.3154e+10
0.0033009,3.3009e-09,1.398e+12,1.315e+10
0.0033108,3.3108e-09,1.4012e+12,1.3146e+10
0.0033207,3.3207e-09,1.4045e+12,1.3141e+10
0.0033306,3.3306e-09,1.4077e+12,1.3137e+10
0.0033405,3.3405e-09,1.411e+12,1.3132e+10
0.0033505,3.3505e-09,1.4142e+12,1.3128e+10
0.0033604,3.3604e-09,1.4175e+12,1.3124e+10
0.0033703,3.3703e-09,1.4207e+12,1.3119e+10
0.0033802,3.3802e-09,1.424e+12,1.3115e+10
0.0033901,3.3901e-09,1.4273e+12,1.3111e+10
0.0034,3.4e-09,1.4305e+12,1.3107e+10
0.0034099,3.4099e-09,1.4338e+12,1.3103e+10
0.0034198,3.4198e-09,1.437e+12,1.3098e+10
0.0034297,3.4297e-09,1.4403e+12,1.3094e+10
0.0034396,3.4396e-09,1.4435e+12,1.309e+10
0.0034495,3.4495e-09,1.4468e+12,1.3086e+10
0.0034595,3.4595e-09,1.45e+12,1.3082e+10
0.0034694,3.4694e-09,1.4533e+12,1.3078e+10
0.0034793,3.4793e-09,1.4565e+12,1.3074e+10
0.0034892,3.4892e-09,1.4598e+12,1.307e+10
0.0034991,3.4991e-09,1.463e+12,1.3066e+10
0.003509,3.509e-09,1.4663e+12,1.3062e+10
0.0035189,3.5189e-09,1.4696e+12,1.3058e+10
0.0035288,3.5288e-09,1.4728e+12,1.3054e+10
0.0035387,3.5387e-09,1.4761e+12,1.305e+10
0.0035486,3.5486e-09,1.4793e+12,1.3046e+10
0.0035586,3.5586e-09,1.4826e+12,1.3043e+10
0.0035685,3.5685e-09,1.4858e+12,1.3039e+10
0.0035784,3.5784e-09,1.4891e+12,1.3035e+10
0.0035883,3.5883e-09,1.4924e+12,1.3031e+10
0.0035982,3.5982e-09,1.4956e+12,1.3027e+10
0.0036081,3.6081e-09,1.4989e+12,1.3024e+10
0.003618,3.618e-09,1.5021e+12,1.302e+10
0.0036279,3.6279e-09,1.5054e+12,1.3016e+10
0.0036378,3.6378e-09,1.5086e+12,1.3012e+10
0.0036477,3.6477e-09,1.5119e+12,1.3009e+10
0.0036577,3.6577e-09,1.5152e+12,1.3005e+10
0.0036676,3.6676e-09,1.5184e+12,1.3002e+10
0.0036775,3.6775e-09,1.5217e+12,1.2998e+10
0.0036874,3.6874e-09,1.5249e+12,1.2994e+10
0.0036973,3.6973e-09,1.5282e+12,1.2991e+10
0.0037072,3.7072e-09,1.5315e+12,1.2987e+10
0.0037171,3.7171e-09,1.5347e+12,1.2984e+10
0.003727,3.727e-09,1.538e+12,1.298e+10
0.0037369,3.7369e-09,1.5412e+12,1.2977e+10
0.0037468,3.7468e-09,1.5445e+12,1.2973e+10
0.0037568,3.7568e-09,1.5478e+12,1.297e+10
0.0037667,3.7667e-09,1.551e+12,1.2966e+10
0.0037766,3.7766e-09,1.5543e+12,1.2963e+10
0.0037865,3.7865e-09,1.5576e+12,1.296e+10
0.0037964,3.7964e-09,1.5608e+12,1.2956e+10
0.0038063,3.8063e-09,1.5641e+12,1.2953e+10
0.0038162,3.8162e-09,1.5673e+12,1.295e+10
0.0038261,3.8261e-09,1.5706e+12,1.2946e+10
0.003836,3.836e-09,1.5739e+12,1.2943e+10
0.0038459,3.8459e-09,1.5771e+12,1.294e+10
0.0038559,3.8559e-09,1.5804e+12,1.2936e+10
0.0038658,3.8658e-09,1.5837e+12,1.2933e+10
0.0038757,3.8757e-09,1.5869e+12,1.293e+10
0.0038856,3.8856e-09,1.5902e+12,1.2927e+10
0.0038955,3.8955e-09,1.5935e+12,1.2923e+10
0.0039054,3.9054e-09,1.5967e+12,1.292e+10
0.0039153,3.9153e-09,1.6e+12,1.2917e+10
0.0039252,3.9252e-09,1.6032e+12,1.2914e+10
0.0039351,3.9351e-09,1.6065e+12,1.2911e+10
0.003945,3.945e-09,1.6098e+12,1.2908e+10
0.003955,3.955e-09,1.613e+12,1.2905e+10
0.0039649,3.9649e-09,1.6163e+12,1.2901e+10
0.0039748,3.9748e-09,1.6196e+12,1.2898e+10
0.0039847,3.9847e-09,1.6228e+12,1.2895e+10
0.0039946,3.9946e-09,1.6261e+12,1.2892e+10
0.0040045,4.0045e-09,1.6294e+12,1.2889e+10
0.0040144,4.0144e-09,1.6326e+12,1.2886e+10
0.0040243,4.0243e-09,1.6359e+12,1.2883e+10
0.0040342,4.0342e-09,1.6392e+12,1.288e+10
0.0040441,4.0441e-09,1.6424e+12,1.2877e+10
0.0040541,4.0541e-09,1.6457e+12,1.2874e+10
0.004064,4.064e-09,1.649e+12,1.2871e+10
0.0040739,4.0739e-09,1.6522e+12,1.2868e+10
0.0040838,4.0838e-09,1.6555e+12,1.2865e+10
0.0040937,4.0937e-09,1.6588e+12,1.2863e+10
0.0041036,4.1036e-09,1.6621e+12,1.286e+10
0.0041135,4.1135e-09,1.6653e+12,1.2857e+10
0.0041234,4.1234e-09,1.6686e+12,1.2854e+10
0.0041333,4.1333e-09,1.6719e+12,1.2851e+10
0.0041432,4.1432e-09,1.6751e+12,1.2848e+10
0.0041532,4.1532e-09,1.6784e+12,1.2845e+10
0.0041631,4.1631e-09,1.6817e+12,1.2843e+10
0.004173,4.173e-09,1.6849e+12,1.284e+10
0.0041829,4.1829e-09,1.6882e+12,1.2837e+10
0.0041928,4.1928e-09,1.6915e+12,1.2834e+10
0.0042027,4.2027e-09,1.6947e+12,1.2831e+10
0.0042126,4.2126e-09,1.698e+12,1.2829e+10
0.0042225,4.2225e-09,1.7013e+12,1.2826e+10
0.0042324,4.2324e-09,1.7046e+12,1.2823e+10
0.0042423,4.2423e-09,1.7078e+12,1.2821e+10
0.0042523,4.2523e-09,1.7111e+12,1.2818e+10
0.0042622,4.2622e-09,1.7144e+12,1.2815e+10
0.0042721,4.2721e-09,1.7176e+12,1.2813e+10
0.004282,4.282e-09,1.7209e+12,1.281e+10
0.0042919,4.2919e-09,1.7242e+12,1.2807e+10
0.0043018,4.3018e-09,1.7275e+12,1.2805e+10
0.0043117,4.3117e-09,1.7307e+12,1.2802e+10
0.0043216,4.3216e-09,1.734e+12,1.2799e+10
0.0043315,4.3315e-09,1.7373e+12,1.2797e+10
0.0043414,4.3414e-09,1.7405e+12,1.2794e+10
0.0043514,4.3514e-09,1.7438e+12,1.2792e+10
0.0043613,4.3613e-09,1.7471e+12,1.2789e+10
0.0043712,4.3712e-09,1.7504e+12,1.2787e+10
0.0043811,4.3811e-09,1.7536e+12,1.2784e+10
0.004391,4.391e-09,1.7569e+12,1.2781e+10
0.0044009,4.4009e-09,1.7602e+12,1.2779e+10
0.0044108,4.4108e-09,1.7634e+12,1.2776e+10
0.0044207,4.4207e-09,1.7667e+12,1.2774e+10
0.0044306,4.4306e-09,1.77e+12,1.2772e+10
0.0044405,4.4405e-09,1.7733e+12,1.2769e+10
0.0044505,4.4505e-09,1.7765e+12,1.2767e+10
0.0044604,4.4604e-09,1.7798e+12,1.2764e+10
0.0044703,4.4703e-09,1.7831e+12,1.2762e+10
0.0044802,4.4802e-09,1.7864e+12,1.2759e+10
0.0044901,4.4901e-09,1.7896e+12,1.2757e+10
0.0045,4.5e-09,1.7929e+12,1.2754e+10
0.0045099,4.5099e-09,1.7962e+12,1.2752e+10
0.0045198,4.5198e-09,1.7995e+12,1.275e+10
0.0045297,4.5297e-09,1.8027e+12,1.2747e+10
0.0045396,4.5396e-09,1.806e+12,1.2745e+10
0.0045495,4.5495e-09,1.8093e+12,1.2743e+10
0.0045595,4.5595e-09,1.8126e+12,1.274e+10
0.0045694,4.5694e-09,1.8158e+12,1.2738e+10
0.0045793,4.5793e-09,1.8191e+12,1.2736e+10
0.0045892,4.5892e-09,1.8224e+12,1.2733e+10
0.0045991,4.5991e-09,1.8257e+12,1.2731e+10
0.004609,4.609e-09,1.8289e+12,1.2729e+10
0.0046189,4.6189e-09,1.8322e+12,1.2726e+10
0.0046288,4.6288e-09,1.8355e+12,1.2724e+10
0.0046387,4.6387e-09,1.8388e+12,1.2722e+10
0.0046486,4.6486e-09,1.842e+12,1.272e+10
0.0046586,4.6586e-09,1.8453e+12,1.2717e+10
0.0046685,4.6685e-09,1.8486e+12,1.2715e+10
0.0046784,4.6784e-09,1.8519e+12,1.2713e+10
0.0046883,4.6883e-09,1.8551e+12,1.2711e+10
0.0046982,4.6982e-09,1.8584e+12,1.2709e+10
0.0047081,4.7081e-09,1.8617e+12,1.2706e+10
0.004718,4.718e-09,1.865e+12,1.2704e+10
0.0047279,4.7279e-09,1.8683e+12,1.2702e+10
0.0047378,4.7378e-09,1.8715e+12,1.27e+10
0.0047477,4.7477e-09,1.8748e+12,1.2698e+10
0.0047577,4.7577e-09,1.8781e+12,1.2695e+10
0.0047676,4.7676e-09,1.8814e+12,1.2693e+10
0.0047775,4.7775e-09,1.8846e+12,1.2691e+10
0.0047874,4.7874e-09,1.8879e+12,1.2689e+10
0.0047973,4.7973e-09,1.8912e+12,1.2687e+10
0.0048072,4.8072e-09,1.8945e+12,1.2685e+10
0.0048171,4.8171e-09,1.8977e+12,1.2683e+10
0.004827,4.827e-09,1.901e+12,1.2681e+10
0.0048369,4.8369e-09,1.9043e+12,1.2679e+10
0.0048468,4.8468e-09,1.9076e+12,1.2677e+10
0.0048568,4.8568e-09,1.9109e+12,1.2674e+10
0.0048667,4.8667e-09,1.9141e+12,1.2672e+10
0.0048766,4.8766e-09,1.9174e+12,1.267e+10
0.0048865,4.8865e-09,1.9207e+12,1.2668e+10
0.0048964,4.8964e-09,1.924e+12,1.2666e+10
0.0049063,4.9063e-09,1.9273e+12,1.2664e+10
0.0049162,4.9162e-09,1.9305e+12,1.2662e+10
0.0049261,4.9261e-09,1.9338e+12,1.266e+10
0.004936,4.936e-09,1.9371e+12,1.2658e+10
0.0049459,4.9459e-09,1.9404e+12,1.2656e+10
0.0049559,4.9559e-09,1.9436e+12,1.2654e+10
0.0049658,4.9658e-09,1.9469e+12,1.2652e+10
0.0049757,4.9757e-09,1.9502e+12,1.265e+10
0.0049856,4.9856e-09,1.9535e+12,1.2648e+10
0.0049955,4.9955e-09,1.9568e+12,1.2646e+10
0.0050054,5.0054e-09,1.96e+12,1.2645e+10
0.0050153,5.0153e-09,1.9633e+12,1.2643e+10
0.0050252,5.0252e-09,1.9666e+12,1.2641e+10
0.0050351,5.0351e-09,1.9699e+12,1.2639e+10
0.005045,5.045e-09,1.9732e+12,1.2637e+10
0.005055,5.055e-09,1.9764e+12,1.2635e+10
0.0050649,5.0649e-09,1.9797e+12,1.2633e+10
0.0050748,5.0748e-09,1.983e+12,1.2631e+10
0.0050847,5.0847e-09,1.9863e+12,1.2629e+10
0.0050946,5.0946e-09,1.9896e+12,1.2627e+10
0.0051045,5.1045e-09,1.9928e+12,1.2626e+10
0.0051144,5.1144e-09,1.9961e+12,1.2624e+10
0.0051243,5.1243e-09,1.9994e+12,1.2622e+10
0.0051342,5.1342e-09,2.0027e+12,1.262e+10
0.0051441,5.1441e-09,2.006e+12,1.2618e+10
0.0051541,5.1541e-09,2.0093e+12,1.2616e+10
0.005164,5.164e-09,2.0125e+12,1.2614e+10
0.0051739,5.1739e-09,2.0158e+12,1.2613e+10
0.0051838,5.1838e-09,2.0191e+12,1.2611e+10
0.0051937,5.1937e-09,2.0224e+12,1.2609e+10
0.0052036,5.2036e-09,2.0257e+12,1.2607e+10
0.0052135,5.2135e-09,2.0289e+12,1.2605e+10
0.0052234,5.2234e-09,2.0322e+12,1.2604e+10
0.0052333,5.2333e-09,2.0355e+12,1.2602e+10
0.0052432,5.2432e-09,2.0388e+12,1.26e+10
0.0052532,5.2532e-09,2.0421e+12,1.2598e+10
0.0052631,5.2631e-09,2.0453e+12,1.2597e+10
0.005273,5.273e-09,2.0486e+12,1.2595e+10
0.0052829,5.2829e-09,2.0519e+12,1.2593e+10
0.0052928,5.2928e-09,2.0552e+12,1.2591e+10
0.0053027,5.3027e-09,2.0585e+12,1.259e+10
0.0053126,5.3126e-09,2.0618e+12,1.2588e+10
0.0053225,5.3225e-09,2.065e+12,1.2586e+10
0.0053324,5.3324e-09,2.0683e+12,1.2584e+10
0.0053423,5.3423e-09,2.0716e+12,1.2583e+10
0.0053523,5.3523e-09,2.0749e+12,1.2581e+10
0.0053622,5.3622e-09,2.0782e+12,1.2579e+10
0.0053721,5.3721e-09,2.0815e+12,1.2578e+10
0.005382,5.382e-09,2.0847e+12,1.2576e+10
0.0053919,5.3919e-09,2.088e+12,1.2574e+10
0.0054018,5.4018e-09,2.0913e+12,1.2573e+10
0.0054117,5.4117e-09,2.0946e+12,1.2571e+10
0.0054216,5.4216e-09,2.0979e+12,1.2569e+10
0.0054315,5.4315e-09,2.1012e+12,1.2568e+10
0.0054414,5.4414e-09,2.1044e+12,1.2566e+10
0.0054514,5.4514e-09,2.1077e+12,1.2564e+10
0.0054613,5.4613e-09,2.111e+12,1.2563e+10
0.0054712,5.4712e-09,2.1143e+12,1.2561e+10
0.0054811,5.4811e-09,2.1176e+12,1.256e+10
0.005491,5.491e-09,2.1209e+12,1.2558e+10
0.0055009,5.5009e-09,2.1241e+12,1.2556e+10
0.0055108,5.5108e-09,2.1274e+12,1.2555e+10
0.0055207,5.5207e-09,2.1307e+12,1.2553e+10
0.0055306,5.5306e-09,2.134e+12,1.2552e+10
0.0055405,5.5405e-09,2.1373e+12,1.255e+10
0.0055505,5.5505e-09,2.1406e+12,1.2548e+10
0.0055604,5.5604e-09,2.1438e+12,1.2547e+10
0.0055703,5.5703e-09,2.1471e+12,1.2545e+10
0.0055802,5.5802e-09,2.1504e+12,1.2544e+10
0.0055901,5.5901e-09,2.1537e+12,1.2542e+10
0.0056,5.6e-09,2.157e+12,1.2541e+10
0.0056099,5.6099e-09,2.1603e+12,1.2539e+10
0.0056198,5.6198e-09,2.1635e+12,1.2537e+10
0.0056297,5.6297e-09,2.1668e+12,1.2536e+10
0.0056396,5.6396e-09,2.1701e+12,1.2534e+10
0.0056495,5.6495e-09,2.1734e+12,1.2533e+10
0.0056595,5.6595e-09,2.1767e+12,1.2531e+10
0.0056694,5.6694e-09,2.18e+12,1.253e+10
0.0056793,5.6793e-09,2.1833e+12,1.2528e+10
0.0056892,5.6892e-09,2.1865e+12,1.2527e+10
0.0056991,5.6991e-09,2.1898e+12,1.2525e+10
0.005709,5.709e-09,2.1931e+12,1.2524e+10
0.0057189,5.7189e-09,2.1964e+12,1.2522e+10
0.0057288,5.7288e-09,2.1997e+12,1.2521e+10
0.0057387,5.7387e-09,2.203e+12,1.2519e+10
0.0057486,5.7486e-09,2.2063e+12,1.2518e+10
0.0057586,5.7586e-09,2.2095e+12,1.2516e+10
0.0057685,5.7685e-09,2.2128e+12,1.2515e+10
0.0057784,5.7784e-09,2.2161e+12,1.2514e+10
0.0057883,5.7883e-09,2.2194e+12,1.2512e+10
0.0057982,5.7982e-09,2.2227e+12,1.2511e+10
0.0058081,5.8081e-09,2.226e+12,1.2509e+10
0.005818,5.818e-09,2.2293e+12,1.2508e+10
0.0058279,5.8279e-09,2.2325e+12,1.2506e+10
0.0058378,5.8378e-09,2.2358e+12,1.2505e+10
0.0058477,5.8477e-09,2.2391e+12,1.2504e+10
0.0058577,5.8577e-09,2.2424e+12,1.2502e+10
0.0058676,5.8676e-09,2.2457e+12,1.2501e+10
0.0058775,5.8775e-09,2.249e+12,1.2499e+10
0.0058874,5.8874e-09,2.2523e+12,1.2498e+10
0.0058973,5.8973e-09,2.2555e+12,1.2496e+10
0.0059072,5.9072e-09,2.2588e+12,1.2495e+10
0.0059171,5.9171e-09,2.2621e+12,1.2494e+10
0.005927,5.927e-09,2.2654e+12,1.2492e+10
0.0059369,5.9369e-09,2.2687e+12,1.2491e+10
0.0059468,5.9468e-09,2.272e+12,1.249e+10
0.0059568,5.9568e-09,2.2753e+12,1.2488e+10
0.0059667,5.9667e-09,2.2785e+12,1.2487e+10
0.0059766,5.9766e-09,2.2818e+12,1.2485e+10
0.0059865,5.9865e-09,2.2851e+12,1.2484e+10
0.0059964,5.9964e-09,2.2884e+12,1.2483e+10
0.0060063,6.0063e-09,2.2917e+12,1.2481e+10
0.0060162,6.0162e-09,2.295e+12,1.248e+10
0.0060261,6.0261e-09,2.2983e+12,1.2479e+10
0.006036,6.036e-09,2.3016e+12,1.2477e+10
0.0060459,6.0459e-09,2.3048e+12,1.2476e+10
0.0060559,6.0559e-09,2.3081e+12,1.2475e+10
0.0060658,6.0658e-09,2.3114e+12,1.2473e+10
0.0060757,6.0757e-09,2.3147e+12,1.2472e+10
0.0060856,6.0856e-09,2.318e+12,1.2471e+10
0.0060955,6.0955e-09,2.3213e+12,1.2469e+10
0.0061054,6.1054e-09,2.3246e+12,1.2468e+10
0.0061153,6.1153e-09,2.3279e+12,1.2467e+10
0.0061252,6.1252e-09,2.3311e+12,1.2466e+10
0.0061351,6.1351e-09,2.3344e+12,1.2464e+10
0.006145,6.145e-09,2.3377e+12,1.2463e+10
0.006155,6.155e-09,2.341e+12,1.2462e+10
0.0061649,6.1649e-09,2.3443e+12,1.246e+10
0.0061748,6.1748e-09,2.3476e+12,1.2459e+10
0.0061847,6.1847e-09,2.3509e+12,1.2458e+10
0.0061946,6.1946e-09,2.3542e+12,1.2457e+10
0.0062045,6.2045e-09,2.3574e+12,1.2455e+10
0.0062144,6.2144e-09,2.3607e+12,1.2454e+10
0.0062243,6.2243e-09,2.364e+12,1.2453e+10
0.0062342,6.2342e-09,2.3673e+12,1.2452e+10
0.0062441,6.2441e-09,2.3706e+12,1.245e+10
0.0062541,6.2541e-09,2.3739e+12,1.2449e+10
0.006264,6.264e-09,2.3772e+12,1.2448e+10
0.0062739,6.2739e-09,2.3805e+12,1.2447e+10
0.0062838,6.2838e-09,2.3837e+12,1.2445e+10
0.0062937,6.2937e-09,2.387e+12,1.2444e+10
0.0063036,6.3036e-09,2.3903e+12,1.2443e+10
0.0063135,6.3135e-09,2.3936e+12,1.2442e+10
0.0063234,6.3234e-09,2.3969e+12,1.244e+10
0.0063333,6.3333e-09,2.4002e+12,1.2439e+10
0.0063432,6.3432e-09,2.4035e+12,1.2438e+10
0.0063532,6.3532e-09,2.4068e+12,1.2437e+10
0.0063631,6.3631e-09,2.4101e+12,1.2436e+10
0.006373,6.373e-09,2.4133e+12,1.2434e+10
0.0063829,6.3829e-09,2.4166e+12,1.2433e+10
0.0063928,6.3928e-09,2.4199e+12,1.2432e+10
0.0064027,6.4027e-09,2.4232e+12,1.2431e+10
0.0064126,6.4126e-09,2.4265e+12,1.243e+10
0.0064225,6.4225e-09,2.4298e+12,1.2429e+10
0.0064324,6.4324e-09,2.4331e+12,1.2427e+10
0.0064423,6.4423e-09,2.4364e+12,1.2426e+10
0.0064523,6.4523e-09,2.4397e+12,1.2425e+10
0.0064622,6.4622e-09,2.4429e+12,1.2424e+10
0.0064721,6.4721e-09,2.4462e+12,1.2423e+10
0.006482,6.482e-09,2.4495e+12,1.2422e+10
0.0064919,6.4919e-09,2.4528e+12,1.242e+10
0.0065018,6.5018e-09,2.4561e+12,1.2419e+10
0.0065117,6.5117e-09,2.4594e+12,1.2418e+10
0.0065216,6.5216e-09,2.4627e+12,1.2417e+10
0.0065315,6.5315e-09,2.466e+12,1.2416e+10
0.0065414,6.5414e-09,2.4693e+12,1.2415e+10
0.0065514,6.5514e-09,2.4725e+12,1.2414e+10
0.0065613,6.5613e-09,2.4758e+12,1.2412e+10
0.0065712,6.5712e-09,2.4791e+12,1.2411e+10
0.0065811,6.5811e-09,2.4824e+12,1.241e+10
0.006591,6.591e-09,2.4857e+12,1.2409e+10
0.0066009,6.6009e-09,2.489e+12,1.2408e+10
0.0066108,6.6108e-09,2.4923e+12,1.2407e+10
0.0066207,6.6207e-09,2.4956e+12,1.2406e+10
0.0066306,6.6306e-09,2.4989e+12,1.2405e+10
0.0066405,6.6405e-09,2.5022e+12,1.2403e+10
0.0066505,6.6505e-09,2.5054e+12,1.2402e+10
0.0066604,6.6604e-09,2.5087e+12,1.2401e+10
0.0066703,6.6703e-09,2.512e+12,1.24e+10
0.0066802,6.6802e-09,2.5153e+12,1.2399e+10
0.0066901,6.6901e-09,2.5186e+12,1.2398e+10
0.0067,6.7e-09,2.5219e+12,1.2397e+10
0.0067099,6.7099e-09,2.5252e+12,1.2396e+10
0.0067198,6.7198e-09,2.5285e+12,1.2395e+10
0.0067297,6.7297e-09,2.5318e+12,1.2394e+10
0.0067396,6.7396e-09,2.5351e+12,1.2393e+10
0.0067495,6.7495e-09,2.5383e+12,1.2392e+10
0.0067595,6.7595e-09,2.5416e+12,1.2391e+10
0.0067694,6.7694e-09,2.5449e+12,1.2389e+10
0.0067793,6.7793e-09,2.5482e+12,1.2388e+10
0.0067892,6.7892e-09,2.5515e+12,1.2387e+10
0.0067991,6.7991e-09,2.5548e+12,1.2386e+10
0.006809,6.809e-09,2.5581e+12,1.2385e+10
0.0068189,6.8189e-09,2.5614e+12,1.2384e+10
0.0068288,6.8288e-09,2.5647e+12,1.2383e+10
0.0068387,6.8387e-09,2.568e+12,1.2382e+10
0.0068486,6.8486e-09,2.5712e+12,1.2381e+10
0.0068586,6.8586e-09,2.5745e+12,1.238e+10
0.0068685,6.8685e-09,2.5778e+12,1.2379e+10
0.0068784,6.8784e-09,2.5811e+12,1.2378e+10
0.0068883,6.8883e-09,2.5844e+12,1.2377e+10
0.0068982,6.8982e-09,2.5877e+12,1.2376e+10
0.0069081,6.9081e-09,2.591e+12,1.2375e+10
0.006918,6.918e-09,2.5943e+12,1.2374e+10
0.0069279,6.9279e-09,2.5976e+12,1.2373e+10
0.0069378,6.9378e-09,2.6009e+12,1.2372e+10
0.0069477,6.9477e-09,2.6042e+12,1.2371e+10
0.0069577,6.9577e-09,2.6074e+12,1.237e+10
0.0069676,6.9676e-09,2.6107e+12,1.2369e+10
0.0069775,6.9775e-09,2.614e+12,1.2368e+10
0.0069874,6.9874e-09,2.6173e+12,1.2367e+10
0.0069973,6.9973e-09,2.6206e+12,1.2366e+10
0.0070072,7.0072e-09,2.6239e+12,1.2365e+10
0.0070171,7.0171e-09,2.6272e+12,1.2364e+10
0.007027,7.027e-09,2.6305e+12,1.2363e+10
0.0070369,7.0369e-09,2.6338e+12,1.2362e+10
0.0070468,7.0468e-09,2.6371e+12,1.2361e+10
0.0070568,7.0568e-09,2.6404e+12,1.236e+10
0.0070667,7.0667e-09,2.6436e+12,1.2359e+10
0.0070766,7.0766e-09,2.6469e+12,1.2358e+10
0.0070865,7.0865e-09,2.6502e+12,1.2357e+10
0.0070964,7.0964e-09,2.6535e+12,1.2356e+10
0.0071063,7.1063e-09,2.6568e+12,1.2355e+10
0.0071162,7.1162e-09,2.6601e+12,1.2354e+10
0.0071261,7.1261e-09,2.6634e+12,1.2353e+10
0.007136,7.136e-09,2.6667e+12,1.2352e+10
0.0071459,7.1459e-09,2.67e+12,1.2351e+10
0.0071559,7.1559e-09,2.6733e+12,1.235e+10
0.0071658,7.1658e-09,2.6766e+12,1.2349e+10
0.0071757,7.1757e-09,2.6799e+12,1.2348e+10
0.0071856,7.1856e-09,2.6831e+12,1.2348e+10
0.0071955,7.1955e-09,2.6864e+12,1.2347e+10
0.0072054,7.2054e-09,2.6897e+12,1.2346e+10
0.0072153,7.2153e-09,2.693e+12,1.2345e+10
0.0072252,7.2252e-09,2.6963e+12,1.2344e+10
0.0072351,7.2351e-09,2.6996e+12,1.2343e+10
0.007245,7.245e-09,2.7029e+12,1.2342e+10
0.007255,7.255e-09,2.7062e+12,1.2341e+10
0.0072649,7.2649e-09,2.7095e+12,1.234e+10
0.0072748,7.2748e-09,2.7128e+12,1.2339e+10
0.0072847,7.2847e-09,2.7161e+12,1.2338e+10
0.0072946,7.2946e-09,2.7194e+12,1.2337e+10
0.0073045,7.3045e-09,2.7226e+12,1.2336e+10
0.0073144,7.3144e-09,2.7259e+12,1.2336e+10
0.0073243,7.3243e-09,2.7292e+12,1.2335e+10
0.0073342,7.3342e-09,2.7325e+12,1.2334e+10
0.0073441,7.3441e-09,2.7358e+12,1.2333e+10
0.0073541,7.3541e-09,2.7391e+12,1.2332e+10
0.007364,7.364e-09,2.7424e+12,1.2331e+10
0.0073739,7.3739e-09,2.7457e+12,1.233e+10
0.0073838,7.3838e-09,2.749e+12,1.2329e+10
0.0073937,7.3937e-09,2.7523e+12,1.2328e+10
0.0074036,7.4036e-09,2.7556e+12,1.2327e+10
0.0074135,7.4135e-09,2.7589e+12,1.2327e+10
0.0074234,7.4234e-09,2.7622e+12,1.2326e+10
0.0074333,7.4333e-09,2.7654e+12,1.2325e+10
0.0074432,7.4432e-09,2.7687e+12,1.2324e+10
0.0074532,7.4532e-09,2.772e+12,1.2323e+10
0.0074631,7.4631e-09,2.7753e+12,1.2322e+10
0.007473,7.473e-09,2.7786e+12,1.2321e+10
0.0074829,7.4829e-09,2.7819e+12,1.232e+10
0.0074928,7.4928e-09,2.7852e+12,1.232e+10
0.0075027,7.5027e-09,2.7885e+12,1.2319e+10
0.0075126,7.5126e-09,2.7918e+12,1.2318e+10
0.0075225,7.5225e-09,2.7951e+12,1.2317e+10
0.0075324,7.5324e-09,2.7984e+12,1.2316e+10
0.0075423,7.5423e-09,2.8017e+12,1.2315e+10
0.0075523,7.5523e-09,2.805e+12,1.2314e+10
0.0075622,7.5622e-09,2.8083e+12,1.2314e+10
0.0075721,7.5721e-09,2.8115e+12,1.2313e+10
0.007582,7.582e-09,2.8148e+12,1.2312e+10
0.0075919,7.5919e-09,2.8181e+12,1.2311e+10
0.0076018,7.6018e-09,2.8214e+12,1.231e+10
0.0076117,7.6117e-09,2.8247e+12,1.2309e+10
0.0076216,7.6216e-09,2.828e+12,1.2309e+10
0.0076315,7.6315e-09,2.8313e+12,1.2308e+10
0.0076414,7.6414e-09,2.8346e+12,1.2307e+10
0.0076514,7.6514e-09,2.8379e+12,1.2306e+10
0.0076613,7.6613e-09,2.8412e+12,1.2305e+10
0.0076712,7.6712e-09,2.8445e+12,1.2304e+10
0.0076811,7.6811e-09,2.8478e+12,1.2304e+10
0.007691,7.691e-09,2.8511e+12,1.2303e+10
0.0077009,7.7009e-09,2.8544e+12,1.2302e+10
0.0077108,7.7108e-09,2.8576e+12,1.2301e+10
0.0077207,7.7207e-09,2.8609e+12,1.23e+10
0.0077306,7.7306e-09,2.8642e+12,1.2299e+10
0.0077405,7.7405e-09,2.8675e+12,1.2299e+10
0.0077505,7.7505e-09,2.8708e+12,1.2298e+10
0.0077604,7.7604e-09,2.8741e+12,1.2297e+10
0.0077703,7.7703e-09,2.8774e+12,1.2296e+10
0.0077802,7.7802e-09,2.8807e+12,1.2295e+10
0.0077901,7.7901e-09,2.884e+12,1.2295e+10
0.0078,7.8e-09,2.8873e+12,1.2294e+10
0.0078099,7.8099e-09,2.8906e+12,1.2293e+10
0.0078198,7.8198e-09,2.8939e+12,1.2292e+10
0.0078297,7.8297e-09,2.8972e+12,1.2291e+10
0.0078396,7.8396e-09,2.9005e+12,1.2291e+10
0.0078495,7.8495e-09,2.9038e+12,1.229e+10
0.0078595,7.8595e-09,2.9071e+12,1.2289e+10
0.0078694,7.8694e-09,2.9103e+12,1.2288e+10
0.0078793,7.8793e-09,2.9136e+12,1.2287e+10
0.0078892,7.8892e-09,2.9169e+12,1.2287e+10
0.0078991,7.8991e-09,2.9202e+12,1.2286e+10
0.007909,7.909e-09,2.9235e+12,1.2285e+10
0.0079189,7.9189e-09,2.9268e+12,1.2284e+10
0.0079288,7.9288e-09,2.9301e+12,1.2284e+10
0.0079387,7.9387e-09,2.9334e+12,1.2283e+10
0.0079486,7.9486e-09,2.9367e+12,1.2282e+10
0.0079586,7.9586e-09,2.94e+12,1.2281e+10
0.0079685,7.9685e-09,2.9433e+12,1.2281e+10
0.0079784,7.9784e-09,2.9466e+12,1.228e+10
0.0079883,7.9883e-09,2.9499e+12,1.2279e+10
0.0079982,7.9982e-09,2.9532e+12,1.2278e+10
0.0080081,8.0081e-09,2.9565e+12,1.2277e+10
0.008018,8.018e-09,2.9598e+12,1.2277e+10
0.0080279,8.0279e-09,2.963e+12,1.2276e+10
0.0080378,8.0378e-09,2.9663e+12,1.2275e+10
0.0080477,8.0477e-09,2.9696e+12,1.2274e+10
0.0080577,8.0577e-09,2.9729e+12,1.2274e+10
0.0080676,8.0676e-09,2.9762e+12,1.2273e+10
0.0080775,8.0775e-09,2.9795e+12,1.2272e+10
0.0080874,8.0874e-09,2.9828e+12,1.2271e+10
0.0080973,8.0973e-09,2.9861e+12,1.2271e+10
0.0081072,8.1072e-09,2.9894e+12,1.227e+10
0.0081171,8.1171e-09,2.9927e+12,1.2269e+10
0.008127,8.127e-09,2.996e+12,1.2269e+10
0.0081369,8.1369e-09,2.9993e+12,1.2268e+10
0.0081468,8.1468e-09,3.0026e+12,1.2267e+10
0.0081568,8.1568e-09,3.0059e+12,1.2266e+10
0.0081667,8.1667e-09,3.0092e+12,1.2266e+10
0.0081766,8.1766e-09,3.0125e+12,1.2265e+10
0.0081865,8.1865e-09,3.0158e+12,1.2264e+10
0.0081964,8.1964e-09,3.019e+12,1.2263e+10
0.0082063,8.2063e-09,3.0223e+12,1.2263e+10
0.0082162,8.2162e-09,3.0256e+12,1.2262e+10
0.0082261,8.2261e-09,3.0289e+12,1.2261e+10
0.008236,8.236e-09,3.0322e+12,1.2261e+10
0.0082459,8.2459e-09,3.0355e+12,1.226e+10
0.0082559,8.2559e-09,3.0388e+12,1.2259e+10
0.0082658,8.2658e-09,3.0421e+12,1.2258e+10
0.0082757,8.2757e-09,3.0454e+12,1.2258e+10
0.0082856,8.2856e-09,3.0487e+12,1.2257e+10
0.0082955,8.2955e-09,3.052e+12,1.2256e+10
0.0083054,8.3054e-09,3.0553e+12,1.2256e+10
0.0083153,8.3153e-09,3.0586e+12,1.2255e+10
0.0083252,8.3252e-09,3.0619e+12,1.2254e+10
0.0083351,8.3351e-09,3.0652e+12,1.2253e+10
0.008345,8.345e-09,3.0685e+12,1.2253e+10
0.008355,8.355e-09,3.0718e+12,1.2252e+10
0.0083649,8.3649e-09,3.0751e+12,1.2251e+10
0.0083748,8.3748e-09,3.0783e+12,1.2251e+10
0.0083847,8.3847e-09,3.0816e+12,1.225e+10
0.0083946,8.3946e-09,3.0849e+12,1.2249e+10
0.0084045,8.4045e-09,3.0882e+12,1.2249e+10
0.0084144,8.4144e-09,3.0915e+12,1.2248e+10
0.0084243,8.4243e-09,3.0948e+12,1.2247e+10
0.0084342,8.4342e-09,3.0981e+12,1.2247e+10
0.0084441,8.4441e-09,3.1014e+12,1.2246e+10
0.0084541,8.4541e-09,3.1047e+12,1.2245e+10
0.008464,8.464e-09,3.108e+12,1.2245e+10
0.0084739,8.4739e-09,3.1113e+12,1.2244e+10
0.0084838,8.4838e-09,3.1146e+12,1.2243e+10
0.0084937,8.4937e-09,3.1179e+12,1.2243e+10
0.0085036,8.5036e-09,3.1212e+12,1.2242e+10
0.0085135,8.5135e-09,3.1245e+12,1.2241e+10
0.0085234,8.5234e-09,3.1278e+12,1.224e+10
0.0085333,8.5333e-09,3.1311e+12,1.224e+10
0.0085432,8.5432e-09,3.1344e+12,1.2239e+10
0.0085532,8.5532e-09,3.1377e+12,1.2238e+10
0.0085631,8.5631e-09,3.1409e+12,1.2238e+10
0.008573,8.573e-09,3.1442e+12,1.2237e+10
0.0085829,8.5829e-09,3.1475e+12,1.2237e+10
0.0085928,8.5928e-09,3.1508e+12,1.2236e+10
0.0086027,8.6027e-09,3.1541e+12,1.2235e+10
0.0086126,8.6126e-09,3.1574e+12,1.2235e+10
0.0086225,8.6225e-09,3.1607e+12,1.2234e+10
0.0086324,8.6324e-09,3.164e+12,1.2233e+10
0.0086423,8.6423e-09,3.1673e+12,1.2233e+10
0.0086523,8.6523e-09,3.1706e+12,1.2232e+10
0.0086622,8.6622e-09,3.1739e+12,1.2231e+10
0.0086721,8.6721e-09,3.1772e+12,1.2231e+10
0.008682,8.682e-09,3.1805e+12,1.223e+10
0.0086919,8.6919e-09,3.1838e+12,1.2229e+10
0.0087018,8.7018e-09,3.1871e+12,1.2229e+10
0.0087117,8.7117e-09,3.1904e+12,1.2228e+10
0.0087216,8.7216e-09,3.1937e+12,1.2227e+10
0.0087315,8.7315e-09,3.197e+12,1.2227e+10
0.0087414,8.7414e-09,3.2003e+12,1.2226e+10
0.0087514,8.7514e-09,3.2036e+12,1.2226e+10
0.0087613,8.7613e-09,3.2069e+12,1.2225e+10
0.0087712,8.7712e-09,3.2102e+12,1.2224e+10
0.0087811,8.7811e-09,3.2134e+12,1.2224e+10
0.008791,8.791e-09,3.2167e+12,1.2223e+10
0.0088009,8.8009e-09,3.22e+12,1.2222e+10
0.0088108,8.8108e-09,3.2233e+12,1.2222e+10
0.0088207,8.8207e-09,3.2266e+12,1.2221e+10
0.0088306,8.8306e-09,3.2299e+12,1.222e+10
0.0088405,8.8405e-09,3.2332e+12,1.222e+10
0.0088505,8.8505e-09,3.2365e+12,1.2219e+10
0.0088604,8.8604e-09,3.2398e+12,1.2219e+10
0.0088703,8.8703e-09,3.2431e+12,1.2218e+10
0.0088802,8.8802e-09,3.2464e+12,1.2217e+10
0.0088901,8.8901e-09,3.2497e+12,1.2217e+10
0.0089,8.9e-09,3.253e+12,1.2216e+10
0.0089099,8.9099e-09,3.2563e+12,1.2216e+10
0.0089198,8.9198e-09,3.2596e+12,1.2215e+10
0.0089297,8.9297e-09,3.2629e+12,1.2214e+10
0.0089396,8.9396e-09,3.2662e+12,1.2214e+10
0.0089495,8.9495e-09,3.2695e+12,1.2213e+10
0.0089595,8.9595e-09,3.2728e+12,1.2213e+10
0.0089694,8.9694e-09,3.2761e+12,1.2212e+10
0.0089793,8.9793e-09,3.2794e+12,1.2211e+10
0.0089892,8.9892e-09,3.2827e+12,1.2211e+10
0.0089991,8.9991e-09,3.2859e+12,1.221e+10
0.009009,9.009e-09,3.2892e+12,1.221e+10
0.0090189,9.0189e-09,3.2925e+12,1.2209e+10
0.0090288,9.0288e-09,3.2958e+12,1.2208e+10
0.0090387,9.0387e-09,3.2991e+12,1.2208e+10
0.0090486,9.0486e-09,3.3024e+12,1.2207e+10
0.0090586,9.0586e-09,3.3057e+12,1.2207e+10
0.0090685,9.0685e-09,3.309e+12,1.2206e+10
0.0090784,9.0784e-09,3.3123e+12,1.2205e+10
0.0090883,9.0883e-09,3.3156e+12,1.2205e+10
0.0090982,9.0982e-09,3.3189e+12,1.2204e+10
0.0091081,9.1081e-09,3.3222e+12,1.2204e+10
0.009118,9.118e-09,3.3255e+12,1.2203e+10
0.0091279,9.1279e-09,3.3288e+12,1.2202e+10
0.0091378,9.1378e-09,3.3321e+12,1.2202e+10
0.0091477,9.1477e-09,3.3354e+12,1.2201e+10
0.0091577,9.1577e-09,3.3387e+12,1.2201e+10
0.0091676,9.1676e-09,3.342e+12,1.22e+10
0.0091775,9.1775e-09,3.3453e+12,1.22e+10
0.0091874,9.1874e-09,3.3486e+12,1.2199e+10
0.0091973,9.1973e-09,3.3519e+12,1.2198e+10
0.0092072,9.2072e-09,3.3552e+12,1.2198e+10
0.0092171,9.2171e-09,3.3585e+12,1.2197e+10
0.009227,9.227e-09,3.3618e+12,1.2197e+10
0.0092369,9.2369e-09,3.3651e+12,1.2196e+10
0.0092468,9.2468e-09,3.3684e+12,1.2196e+10
0.0092568,9.2568e-09,3.3716e+12,1.2195e+10
0.0092667,9.2667e-09,3.3749e+12,1.2194e+10
0.0092766,9.2766e-09,3.3782e+12,1.2194e+10
0.0092865,9.2865e-09,3.3815e+12,1.2193e+10
0.0092964,9.2964e-09,3.3848e+12,1.2193e+10
0.0093063,9.3063e-09,3.3881e+12,1.2192e+10
0.0093162,9.3162e-09,3.3914e+12,1.2192e+10
0.0093261,9.3261e-09,3.3947e+12,1.2191e+10
0.009336,9.336e-09,3.398e+12,1.219e+10
0.0093459,9.3459e-09,3.4013e+12,1.219e+10
0.0093559,9.3559e-09,3.4046e+12,1.2189e+10
0.0093658,9.3658e-09,3.4079e+12,1.2189e+10
0.0093757,9.3757e-09,3.4112e+12,1.2188e+10
0.0093856,9.3856e-09,3.4145e+12,1.2188e+10
0.0093955,9.3955e-09,3.4178e+12,1.2187e+10
0.0094054,9.4054e-09,3.4211e+12,1.2187e+10
0.0094153,9.4153e-09,3.4244e+12,1.2186e+10
0.0094252,9.4252e-09,3.4277e+12,1.2185e+10
0.0094351,9.4351e-09,3.431e+12,1.2185e+10
0.009445,9.445e-09,3.4343e+12,1.2184e+10
0.009455,9.455e-09,3.4376e+12,1.2184e+10
0.0094649,9.4649e-09,3.4409e+12,1.2183e+10
0.0094748,9.4748e-09,3.4442e+12,1.2183e+10
0.0094847,9.4847e-09,3.4475e+12,1.2182e+10
0.0094946,9.4946e-09,3.4508e+12,1.2182e+10
0.0095045,9.5045e-09,3.4541e+12,1.2181e+10
0.0095144,9.5144e-09,3.4574e+12,1.2181e+10
0.0095243,9.5243e-09,3.4606e+12,1.218e+10
0.0095342,9.5342e-09,3.4639e+12,1.218e+10
0.0095441,9.5441e-09,3.4672e+12,1.2179e+10
0.0095541,9.5541e-09,3.4705e+12,1.2178e+10
0.009564,9.564e-09,3.4738e+12,1.2178e+10
0.0095739,9.5739e-09,3.4771e+12,1.2177e+10
0.0095838,9.5838e-09,3.4804e+12,1.2177e+10
0.0095937,9.5937e-09,3.4837e+12,1.2176e+10
0.0096036,9.6036e-09,3.487e+12,1.2176e+10
0.0096135,9.6135e-09,3.4903e+12,1.2175e+10
0.0096234,9.6234e-09,3.4936e+12,1.2175e+10
0.0096333,9.6333e-09,3.4969e+12,1.2174e+10
0.0096432,9.6432e-09,3.5002e+12,1.2174e+10
0.0096532,9.6532e-09,3.5035e+12,1.2173e+10
0.0096631,9.6631e-09,3.5068e+12,1.2173e+10
0.009673,9.673e-09,3.5101e+12,1.2172e+10
0.0096829,9.6829e-09,3.5134e+12,1.2172e+10
0.0096928,9.6928e-09,3.5167e+12,1.2171e+10
0.0097027,9.7027e-09,3.52e+12,1.2171e+10
0.0097126,9.7126e-09,3.5233e+12,1.217e+10
0.0097225,9.7225e-09,3.5266e+12,1.217e+10
0.0097324,9.7324e-09,3.5299e+12,1.2169e+10
0.0097423,9.7423e-09,3.5332e+12,1.2169e+10
0.0097523,9.7523e-09,3.5365e+12,1.2168e+10
0.0097622,9.7622e-09,3.5398e+12,1.2168e+10
0.0097721,9.7721e-09,3.5431e+12,1.2167e+10
0.009782,9.782e-09,3.5464e+12,1.2167e+10
0.0097919,9.7919e-09,3.5497e+12,1.2166e+10
0.0098018,9.8018e-09,3.553e+12,1.2166e+10
0.0098117,9.8117e-09,3.5563e+12,1.2165e+10
0.0098216,9.8216e-09,3.5596e+12,1.2165e+10
0.0098315,9.8315e-09,3.5629e+12,1.2164e+10
0.0098414,9.8414e-09,3.5661e+12,1.2164e+10
0.0098514,9.8514e-09,3.5694e+12,1.2163e+10
0.0098613,9.8613e-09,3.5727e+12,1.2163e+10
0.0098712,9.8712e-09,3.576e+12,1.2162e+10
0.0098811,9.8811e-09,3.5793e+12,1.2162e+10
0.009891,9.891e-09,3.5826e+12,1.2161e+10
0.0099009,9.9009e-09,3.5859e+12,1.2161e+10
0.0099108,9.9108e-09,3.5892e+12,1.216e+10
0.0099207,9.9207e-09,3.5925e+12,1.216e+10
0.0099306,9.9306e-09,3.5958e+12,1.2159e+10
0.0099405,9.9405e-09,3.5991e+12,1.2159e+10
0.0099505,9.9505e-09,3.6024e+12,1.2158e+10
0.0099604,9.9604e-09,3.6057e+12,1.2158e+10
0.0099703,9.9703e-09,3.609e+12,1.2157e+10
0.0099802,9.9802e-09,3.6123e+12,1.2157e+10
0.0099901,9.9901e-09,3.6156e+12,1.2156e+10
0.01,1e-08,3.6189e+12,1.2156e+10
